FlowDuration,TotFwdPkts,TotBwdPkts,TotLenFwd,TotLenBwd,FwdPktLenMean,BwdPktLenMean,FwdPktLenStd,BwdPktLenStd,FlowIATMean,FlowIATStd,FwdIATMean,BwdIATMean,TotalBytes,TotalPackets,BytesPerSec,PktsPerSec,router_id,row_id,packet_id,src,dst,sport,dport,proto
0.0,1,0,230,0,230.0,0.0,0.0,0.0,0,0,0,0,230,1,0.0,0.0,ROUTER-001,1,7b3a6a03-e5e1-488c-a9f6-60b80b5131fb,192.168.24.136,20.244.10.66,51709,27017,TCP
0.0,1,0,230,0,230.0,0.0,0.0,0.0,0,0,0,0,230,1,0.0,0.0,ROUTER-001,2,22da757c-0189-4487-865f-485c0b81df8f,192.168.24.136,20.244.48.249,45144,27017,TCP
0.0,1,0,230,0,230.0,0.0,0.0,0.0,0,0,0,0,230,1,0.0,0.0,ROUTER-001,3,7feb979b-98a7-496b-8c0e-56a032f830dd,192.168.24.136,20.193.249.218,45142,27017,TCP
0.12646198272705078,1,1,230,1201,230.0,1201.0,0.0,0.0,0.12646198272705078,0.0,0,0,1431,2,11315.653678217262,15.815029599185552,ROUTER-001,4,3bca3ad5-a8e9-443e-9aad-5b913a3db714,192.168.24.136,20.244.10.66,51709,27017,TCP
0.12586593627929688,1,1,230,1177,230.0,1177.0,0.0,0.0,0.12586593627929688,0.0,0,0,1407,2,11178.560630398546,15.889922715562964,ROUTER-001,5,1f773d5b-c137-4cb3-bb58-1f82b877aa99,192.168.24.136,20.244.48.249,45144,27017,TCP
0.1253499984741211,1,1,230,1177,230.0,1177.0,0.0,0.0,0.1253499984741211,0.0,0,0,1407,2,11224.571337274325,15.955325283972032,ROUTER-001,6,5e3f88f4-3b89-490c-9919-1ef1ae0e7874,192.168.24.136,20.193.249.218,45142,27017,TCP
0.17090201377868652,2,1,284,1201,142.0,1201.0,88.0,0.0,0.08545100688934326,0.04101097583770752,0.17090201377868652,0,1485,3,8689.189595641832,17.553918375034005,ROUTER-001,7,8738fc43-c236-4ff9-9c1a-a98ad7352211,192.168.24.136,20.244.10.66,51709,27017,TCP
0.17041802406311035,2,1,284,1177,142.0,1177.0,88.0,0.0,0.08520901203155518,0.0406569242477417,0.17041802406311035,0,1461,3,8573.03684884266,17.60377176353729,ROUTER-001,8,8fe77c15-5413-45a4-8985-5c45129f07f6,192.168.24.136,20.244.48.249,45144,27017,TCP
0.16992402076721191,2,1,284,1177,142.0,1177.0,88.0,0.0,0.08496201038360596,0.04038798809051514,0.16992402076721191,0,1461,3,8597.960390788438,17.654949467738067,ROUTER-001,9,581da4f4-2a74-4715-9f61-e68eece1adf5,192.168.24.136,20.193.249.218,45142,27017,TCP
0.0,1,0,109,0,109.0,0.0,0.0,0.0,0,0,0,0,109,1,0.0,0.0,ROUTER-001,10,a2280bcf-12b0-487e-afa6-daab086e33dd,192.168.24.136,192.168.24.73,62686,53,UDP
0.11348414421081543,1,1,109,295,109.0,295.0,0.0,0.0,0.11348414421081543,0.0,0,0,404,2,3559.9686882204765,17.623607367428104,ROUTER-001,11,e26c0497-c9f0-41da-a9a0-6c1cd94769c4,192.168.24.136,192.168.24.73,62686,53,UDP
0.0,1,0,95,0,95.0,0.0,0.0,0.0,0,0,0,0,95,1,0.0,0.0,ROUTER-001,12,6401c56a-651e-4d0d-9fe8-78ac7d9cf284,192.168.24.136,192.168.24.73,62687,53,UDP
0.0919032096862793,1,1,95,156,95.0,156.0,0.0,0.0,0.0919032096862793,0.0,0,0,251,2,2731.134210184969,21.7620255791631,ROUTER-001,13,b4f9bd61-e2f3-4daf-b41c-6a36f94675c2,192.168.24.136,192.168.24.73,62687,53,UDP
0.0,1,0,102,0,102.0,0.0,0.0,0.0,0,0,0,0,102,1,0.0,0.0,ROUTER-001,14,e30dbc17-5f24-47b3-bd4f-35b6be41751f,192.168.24.136,192.168.24.73,64971,53,UDP
0.0,1,0,102,0,102.0,0.0,0.0,0.0,0,0,0,0,102,1,0.0,0.0,ROUTER-001,15,b44e2cc3-cb06-4ed9-8185-4dbdaa31b038,192.168.24.136,192.168.24.73,63145,53,UDP
0.0,1,0,102,0,102.0,0.0,0.0,0.0,0,0,0,0,102,1,0.0,0.0,ROUTER-001,16,53c48e75-22cf-4839-a0ec-283e90aa280e,192.168.24.136,192.168.24.73,63569,53,UDP
0.0,1,0,102,0,102.0,0.0,0.0,0.0,0,0,0,0,102,1,0.0,0.0,ROUTER-001,17,3719643d-e6e1-4831-b706-f05b1531323a,192.168.24.136,192.168.24.73,54845,53,UDP
0.0,1,0,102,0,102.0,0.0,0.0,0.0,0,0,0,0,102,1,0.0,0.0,ROUTER-001,18,1d9d8742-6e01-4a90-82b7-9f74a80a6ac5,192.168.24.136,192.168.24.73,59699,53,UDP
0.0,1,0,102,0,102.0,0.0,0.0,0.0,0,0,0,0,102,1,0.0,0.0,ROUTER-001,19,15af85f4-3b96-4e46-bfc6-9583fc052bfd,192.168.24.136,192.168.24.73,64032,53,UDP
0.0650639533996582,1,1,102,172,102.0,172.0,0.0,0.0,0.0650639533996582,0.0,0,0,274,2,4211.241181686931,30.73898672764183,ROUTER-001,20,ca26c4ff-5663-4146-9353-69191fb2ef67,192.168.24.136,192.168.24.73,64971,53,UDP
0.0650639533996582,1,1,102,172,102.0,172.0,0.0,0.0,0.0650639533996582,0.0,0,0,274,2,4211.241181686931,30.73898672764183,ROUTER-001,21,f57f7f13-8cc3-42e5-b91b-bd8aaced9069,192.168.24.136,192.168.24.73,63145,53,UDP
0.0650639533996582,1,1,102,172,102.0,172.0,0.0,0.0,0.0650639533996582,0.0,0,0,274,2,4211.241181686931,30.73898672764183,ROUTER-001,22,82e4f715-686b-4cf9-9cdb-037ef6e1ccb8,192.168.24.136,192.168.24.73,63569,53,UDP
0.0644071102142334,1,1,102,184,102.0,184.0,0.0,0.0,0.0644071102142334,0.0,0,0,286,2,4440.5035259103515,31.052472209163295,ROUTER-001,23,514e201e-064f-41ff-a298-073e81f720f3,192.168.24.136,192.168.24.73,59699,53,UDP
0.06399202346801758,1,1,102,184,102.0,184.0,0.0,0.0,0.06399202346801758,0.0,0,0,286,2,4469.30702453782,31.25389527648825,ROUTER-001,24,9501e2b8-d869-4b85-8fab-19dd965f957b,192.168.24.136,192.168.24.73,64032,53,UDP
0.16744112968444824,1,1,102,184,102.0,184.0,0.0,0.0,0.16744112968444824,0.0,0,0,286,2,1708.0630101993595,11.944496574820697,ROUTER-001,25,e020997e-1da1-43d1-8338-5518b7bea9ed,192.168.24.136,192.168.24.73,54845,53,UDP
10.136561870574951,3,1,514,1177,171.33333333333334,1177.0,82.96719565922157,0.0,3.378853956858317,4.658035641286137,5.068280935287476,0,1691,4,166.82184961636165,0.3946111167743623,ROUTER-001,26,4a6e56e3-4188-4cce-a8d8-b091ea65658c,192.168.24.136,20.244.48.249,45144,27017,TCP
10.13692593574524,3,1,514,1177,171.33333333333334,1177.0,82.96719565922157,0.0,3.3789753119150796,4.658555003544972,5.06846296787262,0,1691,4,166.81585825118117,0.3945969444143848,ROUTER-001,27,65abc466-9d00-4d07-bc24-141affddd2bb,192.168.24.136,20.193.249.218,45142,27017,TCP
10.138771057128906,3,1,514,1201,171.33333333333334,1201.0,82.96719565922157,0.0,3.3795903523763022,4.6587368804999,5.069385528564453,0,1715,4,169.15265078346224,0.3945251330226524,ROUTER-001,28,abb2b21b-0d4f-46fa-950e-52faca1d8e86,192.168.24.136,20.244.10.66,51709,27017,TCP
10.26434588432312,3,2,514,2402,171.33333333333334,1201.0,82.96719565922157,0.0,2.56608647108078,4.273550945752969,5.069385528564453,10.13788390159607,2916,5,284.09019267887766,0.48712310130123054,ROUTER-001,29,3e8ffdba-1a2d-4470-a225-2cd61c3cbe1f,192.168.24.136,20.244.10.66,51709,27017,TCP
10.26323390007019,3,2,514,2354,171.33333333333334,1177.0,82.96719565922157,0.0,2.5658084750175476,4.273209795303787,5.06846296787262,10.13788390159607,2868,5,279.44408438166704,0.4871758793264767,ROUTER-001,30,749fccc7-7b24-4f59-8b09-4c3d396c5d19,192.168.24.136,20.193.249.218,45142,27017,TCP
10.2638840675354,3,2,514,2354,171.33333333333334,1177.0,82.96719565922157,0.0,2.56597101688385,4.272623087627034,5.068280935287476,10.138018131256104,2868,5,279.42638294906953,0.48714501908833596,ROUTER-001,31,dc205979-3530-4aa9-a3d4-68368a42cf6d,192.168.24.136,20.244.48.249,45144,27017,TCP
10.308799982070923,4,2,568,2402,142.0,1201.0,88.0,0.0,2.0617599964141844,3.9532228524275506,3.4362666606903076,10.13788390159607,2970,6,288.1033684973447,0.5820270070653429,ROUTER-001,32,13f527c7-1f9d-4c5d-83b3-26faff7deea6,192.168.24.136,20.244.10.66,51709,27017,TCP
10.307914972305298,4,2,568,2354,142.0,1177.0,88.0,0.0,2.0615829944610597,3.952876282495301,3.435971657435099,10.13788390159607,2922,6,283.47148844850375,0.5820769783336832,ROUTER-001,33,d0b6062e-9916-49d2-b128-cb4f2b521efc,192.168.24.136,20.193.249.218,45142,27017,TCP
10.308454990386963,4,2,568,2354,142.0,1177.0,88.0,0.0,2.0616909980773928,3.9523967144770045,3.436151663462321,10.138018131256104,2922,6,283.45663852874935,0.582046485685317,ROUTER-001,34,9b948880-251c-4191-ad1b-fbb9f19a5467,192.168.24.136,20.244.48.249,45144,27017,TCP
0.0,1,0,54,0,54.0,0.0,0.0,0.0,0,0,0,0,54,1,0.0,0.0,ROUTER-001,1,031387e7-d998-4f62-8437-5e7c1f597b54,192.168.24.136,44.240.160.10,29291,443,TCP
0.0,1,0,109,0,109.0,0.0,0.0,0.0,0,0,0,0,109,1,0.0,0.0,ROUTER-001,2,83173103-da55-46cb-a0de-ecb36eb27b93,192.168.24.136,192.168.24.73,51838,53,UDP
0.19131708145141602,1,1,109,295,109.0,295.0,0.0,0.0,0.19131708145141602,0.0,0,0,404,2,2111.6776240525796,10.45384962402267,ROUTER-001,3,aa89fb8f-8ac8-4a0d-9aeb-2b8a3802c273,192.168.24.136,192.168.24.73,51838,53,UDP
0.39157915115356445,1,1,54,78,54.0,78.0,0.0,0.0,0.39157915115356445,0.0,0,0,132,2,337.09659876205706,5.1075242236675304,ROUTER-001,4,eca55bd4-be48-4194-aa94-caee2dab0004,192.168.24.136,44.240.160.10,29291,443,TCP
0.39157915115356445,1,2,54,132,54.0,66.0,0.0,12.0,0.19578957557678223,0.19578957557678223,0,0.0,186,3,474.9997528010804,7.661286335501297,ROUTER-001,5,69256455-b452-4b64-9d83-2858f609842e,192.168.24.136,44.240.160.10,29291,443,TCP
0.3917410373687744,2,2,108,132,54.0,66.0,0.0,12.0,0.13058034578959146,0.18455403698800063,0.3917410373687744,0.0,240,4,612.6496259161904,10.210827098603174,ROUTER-001,6,8963b9c9-a958-4045-a033-e4687f359e01,192.168.24.136,44.240.160.10,29291,443,TCP
0.0,1,0,95,0,95.0,0.0,0.0,0.0,0,0,0,0,95,1,0.0,0.0,ROUTER-001,7,cf0d45f4-93fd-4f85-b013-36004e2faab9,192.168.24.136,192.168.24.73,51839,53,UDP
0.09519195556640625,1,1,95,156,95.0,156.0,0.0,0.0,0.09519195556640625,0.0,0,0,251,2,2636.7774304720688,21.010178728861103,ROUTER-001,8,6ddd3680-a263-4ff9-8404-9a2906d900af,192.168.24.136,192.168.24.73,51839,53,UDP
0.0,1,0,102,0,102.0,0.0,0.0,0.0,0,0,0,0,102,1,0.0,0.0,ROUTER-001,9,17aafe10-09e2-4c27-bfe0-11f8ed9cf0cc,192.168.24.136,192.168.24.73,54845,53,UDP
0.0,1,0,102,0,102.0,0.0,0.0,0.0,0,0,0,0,102,1,0.0,0.0,ROUTER-001,10,66e4e402-7135-47d9-bf9d-bdad33cc6b1b,192.168.24.136,192.168.24.73,63145,53,UDP
0.0,1,0,102,0,102.0,0.0,0.0,0.0,0,0,0,0,102,1,0.0,0.0,ROUTER-001,11,1004d270-3494-4328-9f9d-9e90e4a21bf4,192.168.24.136,192.168.24.73,53249,53,UDP
0.0,1,0,102,0,102.0,0.0,0.0,0.0,0,0,0,0,102,1,0.0,0.0,ROUTER-001,12,b1e3765b-3d9b-42ed-9e2c-e409b92ad4b4,192.168.24.136,192.168.24.73,56070,53,UDP
0.0,1,0,102,0,102.0,0.0,0.0,0.0,0,0,0,0,102,1,0.0,0.0,ROUTER-001,13,4fff5345-df87-4f4a-ab84-6075b8fd20d4,192.168.24.136,192.168.24.73,51094,53,UDP
0.0,1,0,102,0,102.0,0.0,0.0,0.0,0,0,0,0,102,1,0.0,0.0,ROUTER-001,14,d5d21e89-df9e-48f0-bdba-bb4993f413c0,192.168.24.136,192.168.24.73,61637,53,UDP
0.14403700828552246,1,1,102,172,102.0,172.0,0.0,0.0,0.14403700828552246,0.0,0,0,274,2,1902.2888857622881,13.8853203340313,ROUTER-001,15,3095bbc7-02a5-4d21-844f-079a8451c366,192.168.24.136,192.168.24.73,63145,53,UDP
0.14403700828552246,1,1,102,172,102.0,172.0,0.0,0.0,0.14403700828552246,0.0,0,0,274,2,1902.2888857622881,13.8853203340313,ROUTER-001,16,3339b563-1b32-4522-ada8-8a629b7b6d52,192.168.24.136,192.168.24.73,54845,53,UDP
0.14360308647155762,1,1,102,184,102.0,184.0,0.0,0.0,0.14360308647155762,0.0,0,0,286,2,1991.6006475017225,13.9272772552568,ROUTER-001,17,fd1f63e4-2c92-46b8-9d81-94965a0843b3,192.168.24.136,192.168.24.73,53249,53,UDP
0.1436009407043457,1,1,102,172,102.0,172.0,0.0,0.0,0.1436009407043457,0.0,0,0,274,2,1908.0654949477507,13.927485364582123,ROUTER-001,18,22ab2841-e56d-4492-a107-ffb2381cb272,192.168.24.136,192.168.24.73,56070,53,UDP
0.1432960033416748,1,1,102,184,102.0,184.0,0.0,0.0,0.1432960033416748,0.0,0,0,286,2,1995.8686448362553,13.957123390463323,ROUTER-001,19,f554c012-7c41-4123-8142-3415288e0cdc,192.168.24.136,192.168.24.73,51094,53,UDP
0.14297103881835938,1,1,102,184,102.0,184.0,0.0,0.0,0.14297103881835938,0.0,0,0,286,2,2000.40513354145,13.988847087702446,ROUTER-001,20,deb5887a-1938-4bf0-8cd0-33148e0b33d3,192.168.24.136,192.168.24.73,61637,53,UDP
0.0,1,0,54,0,54.0,0.0,0.0,0.0,0,0,0,0,54,1,0.0,0.0,ROUTER-001,21,b6c74509-b68b-4e76-b655-15b1ce4c76a1,20.244.10.66,192.168.24.136,27017,28626,TCP
0.00010204315185546875,1,1,54,54,54.0,54.0,0.0,0.0,0.00010204315185546875,0.0,0,0,108,2,1058375.7757009345,19599.551401869157,ROUTER-001,22,d13b483f-5501-4318-98c6-175aff2aef56,20.244.10.66,192.168.24.136,27017,28626,TCP
0.0,1,0,54,0,54.0,0.0,0.0,0.0,0,0,0,0,54,1,0.0,0.0,ROUTER-001,23,a693802b-9f87-40a8-bcd8-3fd6243be078,20.244.10.66,192.168.24.136,27017,28552,TCP
6.914138793945312e-05,1,1,54,54,54.0,54.0,0.0,0.0,6.914138793945312e-05,0.0,0,0,108,2,1562016.6620689656,28926.23448275862,ROUTER-001,24,68e4eaeb-a124-430a-a8d5-aac60c78bbff,20.244.10.66,192.168.24.136,27017,28552,TCP
0.0,1,0,55,0,55.0,0.0,0.0,0.0,0,0,0,0,55,1,0.0,0.0,ROUTER-001,25,7387989a-3979-4685-af67-d9bce4ab1584,192.168.24.136,35.223.238.178,29516,443,TCP
0.34659600257873535,1,1,55,66,55.0,66.0,0.0,0.0,0.34659600257873535,0.0,0,0,121,2,349.1096235955945,5.770407001580074,ROUTER-001,26,f50fed51-1a46-48e8-afe9-8f4f5d057fa7,192.168.24.136,35.223.238.178,29516,443,TCP
0.0,1,0,55,0,55.0,0.0,0.0,0.0,0,0,0,0,55,1,0.0,0.0,ROUTER-001,27,a75b6fc6-ec43-419e-aac1-ca9a29707b45,192.168.24.136,35.223.238.178,15261,443,TCP
0.35204410552978516,1,1,55,66,55.0,66.0,0.0,0.0,0.35204410552978516,0.0,0,0,121,2,343.7069335897818,5.681106340326972,ROUTER-001,28,fe327c11-b5e5-4a65-93e8-ef06c50f8967,192.168.24.136,35.223.238.178,15261,443,TCP
0.0,1,0,230,0,230.0,0.0,0.0,0.0,0,0,0,0,230,1,0.0,0.0,ROUTER-001,29,c27fd00a-f6e8-46cb-946e-3ab0d329e466,192.168.24.136,20.244.10.66,51709,27017,TCP
0.0,1,0,230,0,230.0,0.0,0.0,0.0,0,0,0,0,230,1,0.0,0.0,ROUTER-001,30,e35a0753-733d-4e15-be55-9c65503a6ea6,192.168.24.136,20.244.48.249,45144,27017,TCP
0.0,1,0,230,0,230.0,0.0,0.0,0.0,0,0,0,0,230,1,0.0,0.0,ROUTER-001,31,3ac72103-7beb-42ef-9fa7-8501ff78b2b0,192.168.24.136,20.193.249.218,45142,27017,TCP
0.1680610179901123,1,1,230,1201,230.0,1201.0,0.0,0.0,0.1680610179901123,0.0,0,0,1431,2,8514.764560596625,11.900439637451607,ROUTER-001,32,1a04e307-e634-4730-be6d-6e7eaa0cb528,192.168.24.136,20.244.10.66,51709,27017,TCP
0.16758203506469727,1,1,230,1177,230.0,1177.0,0.0,0.0,0.16758203506469727,0.0,0,0,1407,2,8395.88801661711,11.934453470671086,ROUTER-001,33,4e2a9682-c998-415a-ae12-c5bd5eb65a52,192.168.24.136,20.244.48.249,45144,27017,TCP
0.21774888038635254,2,1,284,1201,142.0,1201.0,88.0,0.0,0.10887444019317627,0.059186577796936035,0.21774888038635254,0,1485,3,6819.782482303283,13.77733834808744,ROUTER-001,34,bc989a12-dee0-4cbd-8be5-409149d91f33,192.168.24.136,20.244.10.66,51709,27017,TCP
0.21740388870239258,2,1,284,1177,142.0,1177.0,88.0,0.0,0.10870194435119629,0.05888009071350098,0.21740388870239258,0,1461,3,6720.210980218411,13.799201191413575,ROUTER-001,35,9793320d-aaec-4d90-b98f-312813a107e9,192.168.24.136,20.244.48.249,45144,27017,TCP
0.2236800193786621,1,1,230,1177,230.0,1177.0,0.0,0.0,0.2236800193786621,0.0,0,0,1407,2,6290.235506543507,8.941344003615503,ROUTER-001,36,6083f2fa-e12a-4f0f-95d9-85c14fd01c9f,192.168.24.136,20.193.249.218,45142,27017,TCP
0.2646200656890869,2,1,284,1177,142.0,1177.0,88.0,0.0,0.13231003284454346,0.09136998653411865,0.2646200656890869,0,1461,3,5521.12326098728,11.337008749460535,ROUTER-001,37,08a4e3fc-7d6f-427f-b768-51e81842a617,192.168.24.136,20.193.249.218,45142,27017,TCP
0.0,1,0,54,0,54.0,0.0,0.0,0.0,0,0,0,0,54,1,0.0,0.0,ROUTER-001,38,cf148351-98a8-4533-9d77-7b342064ccf4,20.244.10.66,192.168.24.136,27017,28639,TCP
0.0,1,0,1177,0,1177.0,0.0,0.0,0.0,0,0,0,0,1177,1,0.0,0.0,ROUTER-001,1,32e7eebd-9a44-4797-9100-979e30e7dae3,20.193.249.218,192.168.24.136,27017,45142,TCP
0.05399799346923828,1,1,1177,54,1177.0,54.0,0.0,0.0,0.05399799346923828,0.0,0,0,1231,2,22797.143392027694,37.03841330954946,ROUTER-001,2,e2c75a58-d6ff-41c2-b981-3fee5d22ba1b,20.193.249.218,192.168.24.136,27017,45142,TCP
0.0,1,0,101,0,101.0,0.0,0.0,0.0,0,0,0,0,101,1,0.0,0.0,ROUTER-001,3,618424d2-7914-4ecc-9da0-841dd5390fa6,192.168.24.136,192.168.24.73,64110,53,UDP
0.0,1,0,101,0,101.0,0.0,0.0,0.0,0,0,0,0,101,1,0.0,0.0,ROUTER-001,4,ab79c290-7efd-4c9d-98cc-cb64f996a0f6,192.168.24.136,192.168.24.73,62237,53,UDP
0.07921123504638672,1,1,101,248,101.0,248.0,0.0,0.0,0.07921123504638672,0.0,0,0,349,2,4405.94064460203,25.24894352207467,ROUTER-001,5,bfdba048-6400-4b1a-a734-5f10d38f8897,192.168.24.136,192.168.24.73,64110,53,UDP
0.0790860652923584,1,1,101,260,101.0,260.0,0.0,0.0,0.0790860652923584,0.0,0,0,361,2,4564.647370753457,25.288905101127185,ROUTER-001,6,0d27733c-c986-4134-9203-e358fd7e5bd3,192.168.24.136,192.168.24.73,62237,53,UDP
0.0,1,0,66,0,66.0,0.0,0.0,0.0,0,0,0,0,66,1,0.0,0.0,ROUTER-001,1,d88c078f-1bab-4e7f-b0b0-8cd5bd8b3f7e,35.223.238.178,192.168.24.136,443,27958,TCP
0.0,1,0,66,0,66.0,0.0,0.0,0.0,0,0,0,0,66,1,0.0,0.0,ROUTER-001,2,f576334b-35dc-4085-98c1-fd59bc7c9edf,35.223.238.178,192.168.24.136,443,15261,TCP
0.0,1,0,66,0,66.0,0.0,0.0,0.0,0,0,0,0,66,1,0.0,0.0,ROUTER-001,3,dbd26a29-fe21-44ea-90f8-f0266e420fa9,44.228.97.117,192.168.24.136,443,27919,TCP
0.0,1,0,230,0,230.0,0.0,0.0,0.0,0,0,0,0,230,1,0.0,0.0,ROUTER-001,4,44f1f6d2-9e06-4ca6-b63a-53d41f4d6979,192.168.24.136,20.244.10.66,26938,27017,TCP
0.0,1,0,55,0,55.0,0.0,0.0,0.0,0,0,0,0,55,1,0.0,0.0,ROUTER-001,5,dad0ebee-b1dc-46fd-99fb-d94b0ad7ab2d,192.168.24.136,35.223.238.178,29516,443,TCP
0.1023249626159668,1,1,230,1201,230.0,1201.0,0.0,0.0,0.1023249626159668,0.0,0,0,1431,2,13984.857295972339,19.54557274070208,ROUTER-001,6,bd4a22a1-7a7d-4046-90b1-a7e33839cd9e,192.168.24.136,20.244.10.66,26938,27017,TCP
0.15501809120178223,2,1,284,1201,142.0,1201.0,88.0,0.0,0.07750904560089111,0.024815917015075684,0.15501809120178223,0,1485,3,9579.527063502683,19.352579926268046,ROUTER-001,7,ffd057b7-828a-418f-8a4a-14ff8793349f,192.168.24.136,20.244.10.66,26938,27017,TCP
0.0,1,0,66,0,66.0,0.0,0.0,0.0,0,0,0,0,66,1,0.0,0.0,ROUTER-001,8,69eae6da-edce-494e-beb6-727f796a655b,54.185.248.173,192.168.24.136,443,27926,TCP
0.34807705879211426,1,1,55,66,55.0,66.0,0.0,0.0,0.34807705879211426,0.0,0,0,121,2,347.62417385360095,5.74585411328266,ROUTER-001,9,9e712008-dffd-4920-aea0-0d59f62a97fc,192.168.24.136,35.223.238.178,29516,443,TCP
0.0,1,0,230,0,230.0,0.0,0.0,0.0,0,0,0,0,230,1,0.0,0.0,ROUTER-001,10,c85388be-2f7e-4cf2-9839-158cd64a46be,192.168.24.136,20.193.249.218,26939,27017,TCP
0.0,1,0,230,0,230.0,0.0,0.0,0.0,0,0,0,0,230,1,0.0,0.0,ROUTER-001,11,f39b3b53-7c6a-4bb6-b26b-06deb723e2d9,192.168.24.136,20.244.48.249,26937,27017,TCP
0.17488598823547363,1,1,230,1177,230.0,1177.0,0.0,0.0,0.17488598823547363,0.0,0,0,1407,2,8045.241440987014,11.436021948808834,ROUTER-001,12,1642e11a-90e4-4555-8a52-47d4ec4c8687,192.168.24.136,20.244.48.249,26937,27017,TCP
0.17611312866210938,1,1,230,1177,230.0,1177.0,0.0,0.0,0.17611312866210938,0.0,0,0,1407,2,7989.182922866983,11.356336777351789,ROUTER-001,13,14c5a367-5e92-4e35-b0ff-1da3688ba58a,192.168.24.136,20.193.249.218,26939,27017,TCP
0.2186720371246338,2,1,284,1177,142.0,1177.0,88.0,0.0,0.1093360185623169,0.06554996967315674,0.2186720371246338,0,1461,3,6681.238347668988,13.719175251887041,ROUTER-001,14,daca4782-1109-4de7-98b6-6004127eefef,192.168.24.136,20.244.48.249,26937,27017,TCP
0.22001409530639648,2,1,284,1177,142.0,1177.0,88.0,0.0,0.11000704765319824,0.06610608100891113,0.22001409530639648,0,1461,3,6640.483637947737,13.63549001631979,ROUTER-001,15,49d25ad7-98d7-47ab-8d7e-0ea764f6e412,192.168.24.136,20.193.249.218,26939,27017,TCP
1.055290937423706,2,0,132,0,66.0,0.0,0.0,0.0,1.055290937423706,0.0,1.055290937423706,0,132,2,125.08398899193915,1.8952119544233206,ROUTER-001,16,9697ba90-dedb-410b-9b9d-cfae1055d31a,35.223.238.178,192.168.24.136,443,27958,TCP
0.0,1,0,162,0,162.0,0.0,0.0,0.0,0,0,0,0,162,1,0.0,0.0,ROUTER-001,17,56ee510d-7b4c-4784-8bc4-794072ad2b1e,157.240.23.54,192.168.24.136,443,26056,TCP
0.0027167797088623047,1,1,162,173,162.0,173.0,0.0,0.0,0.0027167797088623047,0.0,0,0,335,2,123307.75252303643,736.1656867046951,ROUTER-001,18,6c418c3c-f0fc-4731-b7d5-6d718a123cd4,157.240.23.54,192.168.24.136,443,26056,TCP
0.003629922866821289,1,2,162,349,162.0,174.5,0.0,1.5,0.0018149614334106445,0.0009018182754516602,0,0.0009131431579589844,511,3,140774.34114942528,826.4638423645321,ROUTER-001,19,f37b9dff-e5a4-47ef-990f-48a0b775e392,157.240.23.54,192.168.24.136,443,26056,TCP
0.003780841827392578,1,3,162,451,162.0,150.33333333333334,0.0,34.19876540981495,0.0012602806091308594,0.0010758837150329683,0,0.0005320310592651367,613,4,162133.20418716106,1057.9654433093706,ROUTER-001,20,dc35be5c-0191-42a1-9184-9da94d4b5366,157.240.23.54,192.168.24.136,443,26056,TCP
0.0578618049621582,2,3,216,451,108.0,150.33333333333334,54.0,34.19876540981495,0.01446545124053955,0.022890996888297824,0.0578618049621582,0.0005320310592651367,667,5,11527.466183196671,86.41278997898554,ROUTER-001,21,fbaeb311-6031-4d98-a1ba-e8761884abf2,157.240.23.54,192.168.24.136,443,26056,TCP
0.0578618049621582,3,3,270,451,90.0,150.33333333333334,50.91168824543142,34.19876540981495,0.01157236099243164,0.02127623264506282,0.0289309024810791,0.0005320310592651367,721,6,12460.724314969715,103.69534797478265,ROUTER-001,22,a8347421-dc45-4dde-9cdd-8ded2aebd162,157.240.23.54,192.168.24.136,443,26056,TCP
0.0578618049621582,4,3,324,451,81.0,150.33333333333334,46.76537180435969,34.19876540981495,0.009643634160359701,0.019895518731684332,0.019287268320719402,0.0005320310592651367,775,7,13393.982446742759,120.97790597057976,ROUTER-001,23,8db6550c-1e12-404c-90e6-9a0b763dfe84,157.240.23.54,192.168.24.136,443,26056,TCP
0.4089779853820801,5,3,619,451,123.8,150.33333333333334,95.27308119295817,34.19876540981495,0.0584254264831543,0.1209018769835604,0.10224449634552002,0.0005320310592651367,1070,8,2616.2777416989143,19.560955078122724,ROUTER-001,24,dcd2dc5b-be6c-4ff5-a2be-d99886d7aed8,157.240.23.54,192.168.24.136,443,26056,TCP
0.4089779853820801,6,3,919,451,153.16666666666666,150.33333333333334,108.97769904383598,34.19876540981495,0.05112224817276001,0.11473212614570241,0.08179559707641601,0.0005320310592651367,1370,9,3349.813557128516,22.006074462888062,ROUTER-001,25,4566e374-4690-4d66-b4c4-1315185cfea7,157.240.23.54,192.168.24.136,443,26056,TCP
0.40906286239624023,6,4,919,505,153.16666666666666,126.25,108.97769904383598,51.15845482420281,0.04545142915513781,0.10935318707905033,0.08179559707641601,0.13544869422912598,1424,10,3481.1275500747784,24.446120435918388,ROUTER-001,26,f35054c1-4987-4085-8621-567200d5779d,157.240.23.54,192.168.24.136,443,26056,TCP
0.0,1,0,54,0,54.0,0.0,0.0,0.0,0,0,0,0,54,1,0.0,0.0,ROUTER-001,27,98e6bf9e-6578-4e79-a4b1-bed16901b37c,192.168.24.136,52.13.185.92,27934,443,TCP
3.094136953353882,3,0,198,0,66.0,0.0,0.0,0.0,1.547068476676941,0.49177753925323486,1.547068476676941,0,198,3,63.99199614786876,0.9695756992101328,ROUTER-001,28,63521f66-c4e4-41fe-88db-4b3169af91ea,35.223.238.178,192.168.24.136,443,27958,TCP
0.3146800994873047,1,1,54,78,54.0,78.0,0.0,0.0,0.3146800994873047,0.0,0,0,132,2,419.47361849402665,6.355660886273131,ROUTER-001,29,5ad10f53-2b7e-4dde-bfa4-44b6b2109895,192.168.24.136,52.13.185.92,27934,443,TCP
0.3146800994873047,1,2,54,132,54.0,66.0,0.0,12.0,0.15734004974365234,0.15734004974365234,0,0.0,186,3,591.0764624234012,9.533491329409697,ROUTER-001,30,d04884a4-7400-4377-987f-e45c3f9a3f83,192.168.24.136,52.13.185.92,27934,443,TCP
0.3147919178009033,2,2,108,132,54.0,66.0,0.0,12.0,0.10493063926696777,0.14831527269721942,0.3147919178009033,0.0,240,4,762.4083924282738,12.706806540471229,ROUTER-001,31,42503dc8-57f8-4add-b838-953826a9c872,192.168.24.136,52.13.185.92,27934,443,TCP
0.0,1,0,109,0,109.0,0.0,0.0,0.0,0,0,0,0,109,1,0.0,0.0,ROUTER-001,32,d96ea4cd-ce19-4be3-802b-0463e77de652,192.168.24.136,192.168.24.73,55552,53,UDP
0.06450104713439941,1,1,109,295,109.0,295.0,0.0,0.0,0.06450104713439941,0.0,0,0,404,2,6263.464206374729,31.00724854640955,ROUTER-001,33,68b2e3c1-0645-42cb-ba7b-75f71ce95c2a,192.168.24.136,192.168.24.73,55552,53,UDP
0.0,1,0,95,0,95.0,0.0,0.0,0.0,0,0,0,0,95,1,0.0,0.0,ROUTER-001,34,c7d8b2d5-d8de-440e-bc81-3e4759fa5b7b,192.168.24.136,192.168.24.73,55553,53,UDP
0.14335203170776367,1,1,95,156,95.0,156.0,0.0,0.0,0.14335203170776367,0.0,0,0,251,2,1750.9343746985508,13.95166832429124,ROUTER-001,35,4070dd7e-7ac1-4c57-a302-f1bb55f943f3,192.168.24.136,192.168.24.73,55553,53,UDP
0.0,1,0,102,0,102.0,0.0,0.0,0.0,0,0,0,0,102,1,0.0,0.0,ROUTER-001,36,5f580c3a-1600-4674-8851-e006187892ee,192.168.24.136,192.168.24.73,55843,53,UDP
0.0,1,0,102,0,102.0,0.0,0.0,0.0,0,0,0,0,102,1,0.0,0.0,ROUTER-001,37,468d4e86-1869-4fd9-9450-9ba4768a03d0,192.168.24.136,192.168.24.73,58467,53,UDP
0.0,1,0,102,0,102.0,0.0,0.0,0.0,0,0,0,0,102,1,0.0,0.0,ROUTER-001,38,b6c90736-f3b8-4e26-a34b-32860f0a3ff7,192.168.24.136,192.168.24.73,53708,53,UDP
0.0,1,0,102,0,102.0,0.0,0.0,0.0,0,0,0,0,102,1,0.0,0.0,ROUTER-001,39,4840b474-1b81-4ebf-a838-0d16e6bc01ef,192.168.24.136,192.168.24.73,58326,53,UDP
0.0,1,0,102,0,102.0,0.0,0.0,0.0,0,0,0,0,102,1,0.0,0.0,ROUTER-001,40,fa7ab460-e3b3-4c64-8ab5-10f2f8256783,192.168.24.136,192.168.24.73,59852,53,UDP
0.0,1,0,102,0,102.0,0.0,0.0,0.0,0,0,0,0,102,1,0.0,0.0,ROUTER-001,41,e96bff8a-f9a4-4c3f-b9ba-aa627e8af9fc,192.168.24.136,192.168.24.73,59806,53,UDP
0.029020071029663086,1,1,102,172,102.0,172.0,0.0,0.0,0.029020071029663086,0.0,0,0,274,2,9441.741190775474,68.91781891076988,ROUTER-001,42,57d9d19d-7065-487a-8d42-8ffbd7bf4c22,192.168.24.136,192.168.24.73,55843,53,UDP
0.03293299674987793,1,1,102,184,102.0,184.0,0.0,0.0,0.03293299674987793,0.0,0,0,286,2,8684.2992811172,60.72936560221818,ROUTER-001,43,02982b26-1451-40a0-a12d-4f950c9938c0,192.168.24.136,192.168.24.73,58467,53,UDP
0.032431840896606445,1,1,102,172,102.0,172.0,0.0,0.0,0.032431840896606445,0.0,0,0,274,2,8448.48742547545,61.6677914268281,ROUTER-001,44,10427900-e435-4419-b7df-5f867b1a5f3a,192.168.24.136,192.168.24.73,53708,53,UDP
0.03261089324951172,1,1,102,184,102.0,184.0,0.0,0.0,0.03261089324951172,0.0,0,0,286,2,8770.075625091387,61.32920017546425,ROUTER-001,45,93979688-59fc-4751-b2e4-37e74a181c0d,192.168.24.136,192.168.24.73,58326,53,UDP
0.025450944900512695,1,1,102,172,102.0,172.0,0.0,0.0,0.025450944900512695,0.0,0,0,274,2,10765.808541532006,78.58254409877375,ROUTER-001,46,8243496c-b439-4be4-9eb5-1e18ac9f9e84,192.168.24.136,192.168.24.73,59852,53,UDP
0.0,1,0,737,0,737.0,0.0,0.0,0.0,0,0,0,0,737,1,0.0,0.0,ROUTER-001,1,05a041c7-3397-4a99-aae9-a578d95261f6,157.240.23.54,192.168.24.136,5222,18812,TCP
0.016466140747070312,1,1,737,119,737.0,119.0,0.0,0.0,0.016466140747070312,0.0,0,0,856,2,51985.46600254836,121.46136916483262,ROUTER-001,2,fcd04874-c789-4b30-abb8-845c91e01d60,157.240.23.54,192.168.24.136,5222,18812,TCP
0.0591731071472168,2,1,791,119,395.5,119.0,341.5,0.0,0.0295865535736084,0.013120412826538086,0.0591731071472168,0,910,3,15378.607679600305,50.69870663604497,ROUTER-001,3,86328587-0c84-44ae-8a0c-3ddae5f314ec,157.240.23.54,192.168.24.136,5222,18812,TCP
0.0,1,0,55,0,55.0,0.0,0.0,0.0,0,0,0,0,55,1,0.0,0.0,ROUTER-001,4,07df7dc4-3582-43cd-986c-6c85358ca4fb,192.168.24.136,74.125.130.188,37346,5228,TCP
0.10915184020996094,1,1,55,66,55.0,66.0,0.0,0.0,0.10915184020996094,0.0,0,0,121,2,1108.5475038006534,18.32309923637444,ROUTER-001,5,2904ede2-b325-4512-83a1-8e46207c4032,192.168.24.136,74.125.130.188,37346,5228,TCP
0.0,1,0,109,0,109.0,0.0,0.0,0.0,0,0,0,0,109,1,0.0,0.0,ROUTER-001,6,67447cb9-d863-46e2-bf2c-6361bacf6d6a,192.168.24.136,192.168.24.73,62347,53,UDP
0.09823489189147949,1,1,109,295,109.0,295.0,0.0,0.0,0.09823489189147949,0.0,0,0,404,2,4112.591689379579,20.35936479890881,ROUTER-001,7,e4187a39-6eb7-4903-a34b-9ccdb57a14bd,192.168.24.136,192.168.24.73,62347,53,UDP
0.0,1,0,95,0,95.0,0.0,0.0,0.0,0,0,0,0,95,1,0.0,0.0,ROUTER-001,8,5f60e377-6068-4551-9498-a4a7a3337f89,192.168.24.136,192.168.24.73,62348,53,UDP
0.06736493110656738,1,1,95,156,95.0,156.0,0.0,0.0,0.06736493110656738,0.0,0,0,251,2,3725.974269949637,29.68903800756683,ROUTER-001,9,57c01635-ec09-4a83-a96d-5cb8c90e93c5,192.168.24.136,192.168.24.73,62348,53,UDP
0.0,1,0,102,0,102.0,0.0,0.0,0.0,0,0,0,0,102,1,0.0,0.0,ROUTER-001,10,47012cb4-d63b-4f98-9b79-44b8c802620a,192.168.24.136,192.168.24.73,64661,53,UDP
0.0,1,0,102,0,102.0,0.0,0.0,0.0,0,0,0,0,102,1,0.0,0.0,ROUTER-001,11,c380ffa5-ea85-4778-b84a-3cf6128b22a1,192.168.24.136,192.168.24.73,59453,53,UDP
0.0,1,0,102,0,102.0,0.0,0.0,0.0,0,0,0,0,102,1,0.0,0.0,ROUTER-001,12,f733af72-208d-45a0-a4b6-beadba2895b6,192.168.24.136,192.168.24.73,58780,53,UDP
0.0,1,0,102,0,102.0,0.0,0.0,0.0,0,0,0,0,102,1,0.0,0.0,ROUTER-001,13,f2151cf5-3117-4ba4-b991-3329bb128b08,192.168.24.136,192.168.24.73,49664,53,UDP
0.0,1,0,102,0,102.0,0.0,0.0,0.0,0,0,0,0,102,1,0.0,0.0,ROUTER-001,14,4c5b134c-601e-422f-ad4b-a7c6f672d093,192.168.24.136,192.168.24.73,49248,53,UDP
0.0,1,0,102,0,102.0,0.0,0.0,0.0,0,0,0,0,102,1,0.0,0.0,ROUTER-001,15,062f2253-f935-44e3-8105-db607b47c180,192.168.24.136,192.168.24.73,51142,53,UDP
0.05427122116088867,1,1,102,172,102.0,172.0,0.0,0.0,0.05427122116088867,0.0,0,0,274,2,5048.716320344419,36.851943944119846,ROUTER-001,16,fc290824-7a5e-4e73-9b27-a0f94a38a215,192.168.24.136,192.168.24.73,64661,53,UDP
0.05511188507080078,1,1,102,172,102.0,172.0,0.0,0.0,0.05511188507080078,0.0,0,0,274,2,4971.704372804513,36.289812940178926,ROUTER-001,17,cdcde3b7-a8c9-47c1-a667-890177aeb351,192.168.24.136,192.168.24.73,59453,53,UDP
0.055130958557128906,1,1,102,184,102.0,184.0,0.0,0.0,0.055130958557128906,0.0,0,0,286,2,5187.647874898372,36.27725786642218,ROUTER-001,18,c98be45e-89d3-4cfb-97cd-cf91ccbbb10f,192.168.24.136,192.168.24.73,58780,53,UDP
0.07147598266601562,1,1,102,184,102.0,184.0,0.0,0.0,0.07147598266601562,0.0,0,0,286,2,4001.3440785611356,27.981427122805144,ROUTER-001,19,4bdf7875-20b8-41dc-993e-bede192d622c,192.168.24.136,192.168.24.73,49664,53,UDP
0.07189202308654785,1,1,102,172,102.0,172.0,0.0,0.0,0.07189202308654785,0.0,0,0,274,2,3811.2712403452974,27.819498104710203,ROUTER-001,20,ed1eaa6d-06ff-4866-b264-ff4f5d661d59,192.168.24.136,192.168.24.73,49248,53,UDP
0.07332277297973633,1,1,102,184,102.0,184.0,0.0,0.0,0.07332277297973633,0.0,0,0,286,2,3900.561699692396,27.276655242604168,ROUTER-001,21,f97a47e1-bcc4-47f8-9cfb-8a2255bb2844,192.168.24.136,192.168.24.73,51142,53,UDP
0.0,1,0,78,0,78.0,0.0,0.0,0.0,0,0,0,0,78,1,0.0,0.0,ROUTER-001,22,74b58779-0cb5-4a18-8e54-2b97a55cc4f5,104.18.39.21,192.168.24.136,443,26421,TCP
0.0002617835998535156,1,1,78,82,78.0,82.0,0.0,0.0,0.0002617835998535156,0.0,0,0,160,2,611191.8397085611,7639.897996357013,ROUTER-001,23,5b72048d-2bfd-407b-9e79-f9f20315bd10,104.18.39.21,192.168.24.136,443,26421,TCP
0.0,1,0,230,0,230.0,0.0,0.0,0.0,0,0,0,0,230,1,0.0,0.0,ROUTER-001,24,087b6b4c-6190-4ac5-a614-a51c3303851d,192.168.24.136,20.244.10.66,32996,27017,TCP
0.0,1,0,230,0,230.0,0.0,0.0,0.0,0,0,0,0,230,1,0.0,0.0,ROUTER-001,25,3b34c0c5-c713-4008-b0f5-2a317389bb0f,192.168.24.136,20.193.249.218,32993,27017,TCP
0.0,1,0,230,0,230.0,0.0,0.0,0.0,0,0,0,0,230,1,0.0,0.0,ROUTER-001,26,e4061dce-e1f7-490c-9332-f242f0bece83,192.168.24.136,20.244.48.249,32994,27017,TCP
0.19939589500427246,2,1,132,82,66.0,82.0,12.0,0.0,0.09969794750213623,0.09943616390228271,0.19939589500427246,0,214,3,1073.2417535246382,15.045445142868758,ROUTER-001,27,01869428-737e-4e17-b789-0b9ad8dfcc44,104.18.39.21,192.168.24.136,443,26421,TCP
0.0899970531463623,1,1,230,1201,230.0,1201.0,0.0,0.0,0.0899970531463623,0.0,0,0,1431,2,15900.520627856149,22.22294986422942,ROUTER-001,28,7d45c0c9-954b-4a0b-ace8-132143685dc2,192.168.24.136,20.244.10.66,32996,27017,TCP
0.09472799301147461,1,1,230,1177,230.0,1177.0,0.0,0.0,0.09472799301147461,0.0,0,0,1407,2,14853.054047387735,21.113083223010285,ROUTER-001,29,7855c145-d56b-4ff0-9728-e97ef2754688,192.168.24.136,20.193.249.218,32993,27017,TCP
0.08525991439819336,1,1,230,1177,230.0,1177.0,0.0,0.0,0.08525991439819336,0.0,0,0,1407,2,16502.47962282512,23.457682477363356,ROUTER-001,30,b1a8dda9-c41f-4af8-b0a1-db87a64ecdc9,192.168.24.136,20.244.48.249,32994,27017,TCP
0.1400749683380127,2,1,284,1201,142.0,1201.0,88.0,0.0,0.07003748416900635,0.019959568977355957,0.1400749683380127,0,1485,3,10601.465898008059,21.417102824258702,ROUTER-001,31,5141a6b1-7864-42b7-8e12-30fcf900d00e,192.168.24.136,20.244.10.66,32996,27017,TCP
0.1402571201324463,2,1,284,1177,142.0,1177.0,88.0,0.0,0.07012856006622314,0.024599432945251465,0.1402571201324463,0,1461,3,10416.583476263895,21.389288452287257,ROUTER-001,32,2f0e135b-f2dc-4ac0-992c-7f4354c97f74,192.168.24.136,20.193.249.218,32993,27017,TCP
0.14004182815551758,2,1,284,1177,142.0,1177.0,88.0,0.0,0.07002091407775879,0.01523900032043457,0.14004182815551758,0,1461,3,10432.597312122687,21.42217107212051,ROUTER-001,33,082c5c3e-303a-42c8-b020-e000196e2e41,192.168.24.136,20.244.48.249,32994,27017,TCP
1.6287620067596436,2,1,200,172,100.0,172.0,2.0,0.0,0.8143810033798218,0.7601097822189331,1.6287620067596436,0,372,3,228.3943255405859,1.8418897221014991,ROUTER-001,34,c439d009-b759-4c15-80ba-1a770543d819,192.168.24.136,192.168.24.73,64661,53,UDP
1.6288888454437256,2,1,200,172,100.0,172.0,2.0,0.0,0.8144444227218628,0.759332537651062,1.6288888454437256,0,372,3,228.37654087972066,1.8417462974171022,ROUTER-001,35,1818ede7-70de-4ae2-bb9d-59b006f8134f,192.168.24.136,192.168.24.73,59453,53,UDP
1.6918401718139648,2,2,200,384,100.0,192.0,2.0,20.0,0.5639467239379883,0.7145716040554485,1.6287620067596436,1.6375689506530762,584,4,345.1862709784484,2.364289527249647,ROUTER-001,36,3af86fb5-88d3-4350-9606-e2e410973e38,192.168.24.136,192.168.24.73,64661,53,UDP
1.692948818206787,2,2,200,396,100.0,198.0,2.0,26.0,0.5643162727355957,0.7138058452092133,1.6288888454437256,1.6378369331359863,596,4,352.0484456413147,2.3627412459148633,ROUTER-001,37,afbfaf08-58ab-4a47-ae8e-33c0b778bd88,192.168.24.136,192.168.24.73,59453,53,UDP
0.0,1,0,66,0,66.0,0.0,0.0,0.0,0,0,0,0,66,1,0.0,0.0,ROUTER-001,38,0aa94ca8-63ff-4d69-965b-82ca36a604fc,192.168.24.136,140.82.114.22,17801,443,TCP
0.0,1,0,1177,0,1177.0,0.0,0.0,0.0,0,0,0,0,1177,1,0.0,0.0,ROUTER-001,39,3c8877f7-9c7a-4ac8-af2e-4aa8a77245ef,20.193.249.218,192.168.24.136,27017,32868,TCP
0.27849602699279785,1,1,66,66,66.0,66.0,0.0,0.0,0.27849602699279785,0.0,0,0,132,2,473.9744456153898,7.181430994172573,ROUTER-001,40,065d3cf4-a281-4e84-a483-71b0c9f139e1,192.168.24.136,140.82.114.22,17801,443,TCP
0.04688405990600586,1,1,1177,54,1177.0,54.0,0.0,0.0,0.04688405990600586,0.0,0,0,1231,2,26256.25857632497,42.65842173245324,ROUTER-001,41,8eb7f5b9-6404-4c93-907e-da55a46bc9ca,20.193.249.218,192.168.24.136,27017,32868,TCP
0.0,1,0,1201,0,1201.0,0.0,0.0,0.0,0,0,0,0,1201,1,0.0,0.0,ROUTER-001,42,b122a32a-f513-410a-82d9-59a556c6fd78,20.244.10.66,192.168.24.136,27017,32869,TCP
0.04874396324157715,1,1,1201,54,1201.0,54.0,0.0,0.0,0.04874396324157715,0.0,0,0,1255,2,25746.777991362065,41.030721898584964,ROUTER-001,43,d2207b42-0460-4fdf-90e4-170822e8da25,20.244.10.66,192.168.24.136,27017,32869,TCP
0.0,1,0,1177,0,1177.0,0.0,0.0,0.0,0,0,0,0,1177,1,0.0,0.0,ROUTER-001,44,837d6c32-7665-415b-b58c-94c2465afed4,20.244.48.249,192.168.24.136,27017,32866,TCP
0.048905134201049805,1,1,1177,54,1177.0,54.0,0.0,0.0,0.048905134201049805,0.0,0,0,1231,2,25171.18131072576,40.89550172335623,ROUTER-001,45,c90049b6-1559-433d-bedc-ae782eaca7f8,20.244.48.249,192.168.24.136,27017,32866,TCP
2.886469841003418,2,1,204,184,102.0,184.0,0.0,0.0,1.443234920501709,1.38810396194458,2.886469841003418,0,388,3,134.4202508158271,1.0393318362048487,ROUTER-001,46,76eabcfe-ba67-40f6-b5b1-7dda2852d442,192.168.24.136,192.168.24.73,58780,53,UDP
2.886566162109375,2,1,204,184,102.0,184.0,0.0,0.0,1.4432830810546875,1.3718070983886719,2.886566162109375,0,388,3,134.4157653800205,1.0392971550001586,ROUTER-001,47,2a3b8b4a-2312-4c01-af20-500f0c48e4e8,192.168.24.136,192.168.24.73,49664,53,UDP
